,Location,Tom,Jerry,TL,TT,TW,TH,JL,JT,JW,JH
0,C:\Users\Saurav Akolia\Desktop\u\hackerearth\EmotionDetection\Dataset\Train\frame0.jpg,0,1,0,0,0,0,498,173,244,198
1,C:\Users\Saurav Akolia\Desktop\u\hackerearth\EmotionDetection\Dataset\Train\frame1.jpg,0,0,0,0,0,0,0,0,0,0
2,C:\Users\Saurav Akolia\Desktop\u\hackerearth\EmotionDetection\Dataset\Train\frame10.jpg,1,0,433,433,270,197,0,0,0,0
3,C:\Users\Saurav Akolia\Desktop\u\hackerearth\EmotionDetection\Dataset\Train\frame100.jpg,1,0,397,212,208,150,0,0,0,0
4,C:\Users\Saurav Akolia\Desktop\u\hackerearth\EmotionDetection\Dataset\Train\frame101.jpg,1,0,418,195,191,145,0,0,0,0
5,C:\Users\Saurav Akolia\Desktop\u\hackerearth\EmotionDetection\Dataset\Train\frame102.jpg,0,0,0,0,0,0,0,0,0,0
6,C:\Users\Saurav Akolia\Desktop\u\hackerearth\EmotionDetection\Dataset\Train\frame103.jpg,0,0,0,0,0,0,0,0,0,0
7,C:\Users\Saurav Akolia\Desktop\u\hackerearth\EmotionDetection\Dataset\Train\frame104.jpg,0,0,0,0,0,0,0,0,0,0
8,C:\Users\Saurav Akolia\Desktop\u\hackerearth\EmotionDetection\Dataset\Train\frame105.jpg,0,0,0,0,0,0,0,0,0,0
9,C:\Users\Saurav Akolia\Desktop\u\hackerearth\EmotionDetection\Dataset\Train\frame106.jpg,0,0,0,0,0,0,0,0,0,0
10,C:\Users\Saurav Akolia\Desktop\u\hackerearth\EmotionDetection\Dataset\Train\frame107.jpg,0,0,0,0,0,0,0,0,0,0
11,C:\Users\Saurav Akolia\Desktop\u\hackerearth\EmotionDetection\Dataset\Train\frame108.jpg,0,0,0,0,0,0,0,0,0,0
12,C:\Users\Saurav Akolia\Desktop\u\hackerearth\EmotionDetection\Dataset\Train\frame109.jpg,0,0,0,0,0,0,0,0,0,0
13,C:\Users\Saurav Akolia\Desktop\u\hackerearth\EmotionDetection\Dataset\Train\frame11.jpg,0,0,0,0,0,0,0,0,0,0
14,C:\Users\Saurav Akolia\Desktop\u\hackerearth\EmotionDetection\Dataset\Train\frame110.jpg,0,0,0,0,0,0,0,0,0,0
15,C:\Users\Saurav Akolia\Desktop\u\hackerearth\EmotionDetection\Dataset\Train\frame111.jpg,0,0,0,0,0,0,0,0,0,0
16,C:\Users\Saurav Akolia\Desktop\u\hackerearth\EmotionDetection\Dataset\Train\frame112.jpg,0,0,0,0,0,0,0,0,0,0
17,C:\Users\Saurav Akolia\Desktop\u\hackerearth\EmotionDetection\Dataset\Train\frame113.jpg,0,0,0,0,0,0,0,0,0,0
18,C:\Users\Saurav Akolia\Desktop\u\hackerearth\EmotionDetection\Dataset\Train\frame114.jpg,0,0,0,0,0,0,0,0,0,0
19,C:\Users\Saurav Akolia\Desktop\u\hackerearth\EmotionDetection\Dataset\Train\frame115.jpg,0,0,0,0,0,0,0,0,0,0
20,C:\Users\Saurav Akolia\Desktop\u\hackerearth\EmotionDetection\Dataset\Train\frame116.jpg,0,0,0,0,0,0,0,0,0,0
21,C:\Users\Saurav Akolia\Desktop\u\hackerearth\EmotionDetection\Dataset\Train\frame117.jpg,0,0,0,0,0,0,0,0,0,0
22,C:\Users\Saurav Akolia\Desktop\u\hackerearth\EmotionDetection\Dataset\Train\frame118.jpg,0,0,0,0,0,0,0,0,0,0
23,C:\Users\Saurav Akolia\Desktop\u\hackerearth\EmotionDetection\Dataset\Train\frame119.jpg,0,0,0,0,0,0,0,0,0,0
24,C:\Users\Saurav Akolia\Desktop\u\hackerearth\EmotionDetection\Dataset\Train\frame12.jpg,1,0,465,71,362,261,0,0,0,0
25,C:\Users\Saurav Akolia\Desktop\u\hackerearth\EmotionDetection\Dataset\Train\frame120.jpg,0,0,0,0,0,0,0,0,0,0
26,C:\Users\Saurav Akolia\Desktop\u\hackerearth\EmotionDetection\Dataset\Train\frame121.jpg,0,0,0,0,0,0,0,0,0,0
27,C:\Users\Saurav Akolia\Desktop\u\hackerearth\EmotionDetection\Dataset\Train\frame122.jpg,1,0,645,150,214,111,0,0,0,0
28,C:\Users\Saurav Akolia\Desktop\u\hackerearth\EmotionDetection\Dataset\Train\frame123.jpg,1,0,643,147,218,118,0,0,0,0
29,C:\Users\Saurav Akolia\Desktop\u\hackerearth\EmotionDetection\Dataset\Train\frame124.jpg,1,0,625,143,259,124,0,0,0,0
30,C:\Users\Saurav Akolia\Desktop\u\hackerearth\EmotionDetection\Dataset\Train\frame125.jpg,1,0,633,148,235,116,0,0,0,0
31,C:\Users\Saurav Akolia\Desktop\u\hackerearth\EmotionDetection\Dataset\Train\frame126.jpg,1,0,621,144,245,119,0,0,0,0
32,C:\Users\Saurav Akolia\Desktop\u\hackerearth\EmotionDetection\Dataset\Train\frame127.jpg,1,0,608,157,247,110,0,0,0,0
33,C:\Users\Saurav Akolia\Desktop\u\hackerearth\EmotionDetection\Dataset\Train\frame128.jpg,0,0,0,0,0,0,0,0,0,0
34,C:\Users\Saurav Akolia\Desktop\u\hackerearth\EmotionDetection\Dataset\Train\frame129.jpg,1,0,642,221,166,135,0,0,0,0
35,C:\Users\Saurav Akolia\Desktop\u\hackerearth\EmotionDetection\Dataset\Train\frame13.jpg,1,0,28,75,275,310,0,0,0,0
36,C:\Users\Saurav Akolia\Desktop\u\hackerearth\EmotionDetection\Dataset\Train\frame130.jpg,1,0,459,97,183,95,0,0,0,0
37,C:\Users\Saurav Akolia\Desktop\u\hackerearth\EmotionDetection\Dataset\Train\frame131.jpg,1,0,459,87,195,114,0,0,0,0
38,C:\Users\Saurav Akolia\Desktop\u\hackerearth\EmotionDetection\Dataset\Train\frame132.jpg,1,0,316,151,181,117,0,0,0,0
39,C:\Users\Saurav Akolia\Desktop\u\hackerearth\EmotionDetection\Dataset\Train\frame133.jpg,1,0,458,85,207,117,0,0,0,0
40,C:\Users\Saurav Akolia\Desktop\u\hackerearth\EmotionDetection\Dataset\Train\frame134.jpg,1,0,765,260,166,98,0,0,0,0
41,C:\Users\Saurav Akolia\Desktop\u\hackerearth\EmotionDetection\Dataset\Train\frame135.jpg,1,0,785,280,196,112,0,0,0,0
42,C:\Users\Saurav Akolia\Desktop\u\hackerearth\EmotionDetection\Dataset\Train\frame136.jpg,0,0,0,0,0,0,0,0,0,0
43,C:\Users\Saurav Akolia\Desktop\u\hackerearth\EmotionDetection\Dataset\Train\frame137.jpg,0,0,0,0,0,0,0,0,0,0
44,C:\Users\Saurav Akolia\Desktop\u\hackerearth\EmotionDetection\Dataset\Train\frame138.jpg,0,0,0,0,0,0,0,0,0,0
45,C:\Users\Saurav Akolia\Desktop\u\hackerearth\EmotionDetection\Dataset\Train\frame139.jpg,0,1,0,0,0,0,562,262,124,112
46,C:\Users\Saurav Akolia\Desktop\u\hackerearth\EmotionDetection\Dataset\Train\frame14.jpg,1,1,111,78,324,258,860,187,202,111
47,C:\Users\Saurav Akolia\Desktop\u\hackerearth\EmotionDetection\Dataset\Train\frame140.jpg,0,1,0,0,0,0,553,259,123,119
48,C:\Users\Saurav Akolia\Desktop\u\hackerearth\EmotionDetection\Dataset\Train\frame141.jpg,0,0,0,0,0,0,0,0,0,0
49,C:\Users\Saurav Akolia\Desktop\u\hackerearth\EmotionDetection\Dataset\Train\frame142.jpg,1,0,600,78,208,117,0,0,0,0
50,C:\Users\Saurav Akolia\Desktop\u\hackerearth\EmotionDetection\Dataset\Train\frame143.jpg,0,0,0,0,0,0,0,0,0,0
51,C:\Users\Saurav Akolia\Desktop\u\hackerearth\EmotionDetection\Dataset\Train\frame144.jpg,1,0,540,341,130,125,0,0,0,0
52,C:\Users\Saurav Akolia\Desktop\u\hackerearth\EmotionDetection\Dataset\Train\frame145.jpg,0,0,0,0,0,0,0,0,0,0
53,C:\Users\Saurav Akolia\Desktop\u\hackerearth\EmotionDetection\Dataset\Train\frame146.jpg,1,0,203,348,113,105,0,0,0,0
54,C:\Users\Saurav Akolia\Desktop\u\hackerearth\EmotionDetection\Dataset\Train\frame147.jpg,1,0,738,162,109,82,0,0,0,0
55,C:\Users\Saurav Akolia\Desktop\u\hackerearth\EmotionDetection\Dataset\Train\frame148.jpg,1,0,109,232,108,49,0,0,0,0
56,C:\Users\Saurav Akolia\Desktop\u\hackerearth\EmotionDetection\Dataset\Train\frame149.jpg,1,0,397,86,137,75,0,0,0,0
57,C:\Users\Saurav Akolia\Desktop\u\hackerearth\EmotionDetection\Dataset\Train\frame15.jpg,1,1,148,29,433,232,873,178,203,121
58,C:\Users\Saurav Akolia\Desktop\u\hackerearth\EmotionDetection\Dataset\Train\frame150.jpg,1,0,91,275,106,92,0,0,0,0
59,C:\Users\Saurav Akolia\Desktop\u\hackerearth\EmotionDetection\Dataset\Train\frame151.jpg,1,0,594,259,113,80,0,0,0,0
60,C:\Users\Saurav Akolia\Desktop\u\hackerearth\EmotionDetection\Dataset\Train\frame152.jpg,0,0,0,0,0,0,0,0,0,0
61,C:\Users\Saurav Akolia\Desktop\u\hackerearth\EmotionDetection\Dataset\Train\frame153.jpg,1,0,367,135,180,194,0,0,0,0
62,C:\Users\Saurav Akolia\Desktop\u\hackerearth\EmotionDetection\Dataset\Train\frame154.jpg,1,0,381,148,173,176,0,0,0,0
63,C:\Users\Saurav Akolia\Desktop\u\hackerearth\EmotionDetection\Dataset\Train\frame155.jpg,0,0,0,0,0,0,0,0,0,0
64,C:\Users\Saurav Akolia\Desktop\u\hackerearth\EmotionDetection\Dataset\Train\frame156.jpg,0,1,0,0,0,0,605,123,96,54
65,C:\Users\Saurav Akolia\Desktop\u\hackerearth\EmotionDetection\Dataset\Train\frame157.jpg,0,1,0,0,0,0,357,227,114,80
66,C:\Users\Saurav Akolia\Desktop\u\hackerearth\EmotionDetection\Dataset\Train\frame158.jpg,0,0,0,0,0,0,0,0,0,0
67,C:\Users\Saurav Akolia\Desktop\u\hackerearth\EmotionDetection\Dataset\Train\frame159.jpg,0,0,0,0,0,0,0,0,0,0
68,C:\Users\Saurav Akolia\Desktop\u\hackerearth\EmotionDetection\Dataset\Train\frame16.jpg,1,0,19,1,313,195,0,0,0,0
69,C:\Users\Saurav Akolia\Desktop\u\hackerearth\EmotionDetection\Dataset\Train\frame160.jpg,0,1,0,0,0,0,342,197,208,166
70,C:\Users\Saurav Akolia\Desktop\u\hackerearth\EmotionDetection\Dataset\Train\frame161.jpg,0,1,0,0,0,0,324,192,231,172
71,C:\Users\Saurav Akolia\Desktop\u\hackerearth\EmotionDetection\Dataset\Train\frame162.jpg,0,1,0,0,0,0,324,193,232,172
72,C:\Users\Saurav Akolia\Desktop\u\hackerearth\EmotionDetection\Dataset\Train\frame163.jpg,0,1,0,0,0,0,354,204,210,158
73,C:\Users\Saurav Akolia\Desktop\u\hackerearth\EmotionDetection\Dataset\Train\frame164.jpg,0,1,0,0,0,0,355,207,209,154
74,C:\Users\Saurav Akolia\Desktop\u\hackerearth\EmotionDetection\Dataset\Train\frame165.jpg,0,1,0,0,0,0,355,207,209,155
75,C:\Users\Saurav Akolia\Desktop\u\hackerearth\EmotionDetection\Dataset\Train\frame166.jpg,0,1,0,0,0,0,338,198,242,164
76,C:\Users\Saurav Akolia\Desktop\u\hackerearth\EmotionDetection\Dataset\Train\frame167.jpg,0,1,0,0,0,0,375,233,268,155
77,C:\Users\Saurav Akolia\Desktop\u\hackerearth\EmotionDetection\Dataset\Train\frame168.jpg,0,1,0,0,0,0,420,267,202,144
78,C:\Users\Saurav Akolia\Desktop\u\hackerearth\EmotionDetection\Dataset\Train\frame169.jpg,0,1,0,0,0,0,393,273,215,148
79,C:\Users\Saurav Akolia\Desktop\u\hackerearth\EmotionDetection\Dataset\Train\frame17.jpg,0,1,0,0,0,0,873,190,174,121
80,C:\Users\Saurav Akolia\Desktop\u\hackerearth\EmotionDetection\Dataset\Train\frame170.jpg,0,1,0,0,0,0,389,267,218,154
81,C:\Users\Saurav Akolia\Desktop\u\hackerearth\EmotionDetection\Dataset\Train\frame171.jpg,0,1,0,0,0,0,375,261,218,156
82,C:\Users\Saurav Akolia\Desktop\u\hackerearth\EmotionDetection\Dataset\Train\frame172.jpg,0,1,0,0,0,0,382,273,215,131
83,C:\Users\Saurav Akolia\Desktop\u\hackerearth\EmotionDetection\Dataset\Train\frame173.jpg,0,1,0,0,0,0,486,288,280,129
84,C:\Users\Saurav Akolia\Desktop\u\hackerearth\EmotionDetection\Dataset\Train\frame174.jpg,1,0,589,239,179,140,0,0,0,0
85,C:\Users\Saurav Akolia\Desktop\u\hackerearth\EmotionDetection\Dataset\Train\frame175.jpg,0,0,0,0,0,0,0,0,0,0
86,C:\Users\Saurav Akolia\Desktop\u\hackerearth\EmotionDetection\Dataset\Train\frame176.jpg,0,0,0,0,0,0,0,0,0,0
87,C:\Users\Saurav Akolia\Desktop\u\hackerearth\EmotionDetection\Dataset\Train\frame177.jpg,0,0,0,0,0,0,0,0,0,0
88,C:\Users\Saurav Akolia\Desktop\u\hackerearth\EmotionDetection\Dataset\Train\frame178.jpg,0,1,0,0,0,0,542,189,207,164
89,C:\Users\Saurav Akolia\Desktop\u\hackerearth\EmotionDetection\Dataset\Train\frame179.jpg,0,1,0,0,0,0,552,194,185,126
90,C:\Users\Saurav Akolia\Desktop\u\hackerearth\EmotionDetection\Dataset\Train\frame18.jpg,1,0,241,411,117,100,0,0,0,0
91,C:\Users\Saurav Akolia\Desktop\u\hackerearth\EmotionDetection\Dataset\Train\frame180.jpg,0,1,0,0,0,0,555,185,164,136
92,C:\Users\Saurav Akolia\Desktop\u\hackerearth\EmotionDetection\Dataset\Train\frame181.jpg,0,1,0,0,0,0,527,193,219,134
93,C:\Users\Saurav Akolia\Desktop\u\hackerearth\EmotionDetection\Dataset\Train\frame182.jpg,0,1,0,0,0,0,616,180,234,157
94,C:\Users\Saurav Akolia\Desktop\u\hackerearth\EmotionDetection\Dataset\Train\frame183.jpg,0,1,0,0,0,0,618,134,222,156
95,C:\Users\Saurav Akolia\Desktop\u\hackerearth\EmotionDetection\Dataset\Train\frame184.jpg,0,1,0,0,0,0,653,130,218,171
96,C:\Users\Saurav Akolia\Desktop\u\hackerearth\EmotionDetection\Dataset\Train\frame185.jpg,0,0,0,0,0,0,0,0,0,0
97,C:\Users\Saurav Akolia\Desktop\u\hackerearth\EmotionDetection\Dataset\Train\frame186.jpg,0,0,0,0,0,0,0,0,0,0
98,C:\Users\Saurav Akolia\Desktop\u\hackerearth\EmotionDetection\Dataset\Train\frame187.jpg,0,0,0,0,0,0,0,0,0,0
99,C:\Users\Saurav Akolia\Desktop\u\hackerearth\EmotionDetection\Dataset\Train\frame188.jpg,0,0,0,0,0,0,0,0,0,0
100,C:\Users\Saurav Akolia\Desktop\u\hackerearth\EmotionDetection\Dataset\Train\frame189.jpg,0,1,0,0,0,0,611,455,89,51
101,C:\Users\Saurav Akolia\Desktop\u\hackerearth\EmotionDetection\Dataset\Train\frame19.jpg,1,0,447,144,257,190,0,0,0,0
102,C:\Users\Saurav Akolia\Desktop\u\hackerearth\EmotionDetection\Dataset\Train\frame190.jpg,0,1,0,0,0,0,604,5,207,42
103,C:\Users\Saurav Akolia\Desktop\u\hackerearth\EmotionDetection\Dataset\Train\frame191.jpg,0,1,0,0,0,0,422,222,174,117
104,C:\Users\Saurav Akolia\Desktop\u\hackerearth\EmotionDetection\Dataset\Train\frame192.jpg,0,1,0,0,0,0,510,80,203,109
105,C:\Users\Saurav Akolia\Desktop\u\hackerearth\EmotionDetection\Dataset\Train\frame193.jpg,0,1,0,0,0,0,678,497,128,153
106,C:\Users\Saurav Akolia\Desktop\u\hackerearth\EmotionDetection\Dataset\Train\frame194.jpg,0,0,0,0,0,0,0,0,0,0
107,C:\Users\Saurav Akolia\Desktop\u\hackerearth\EmotionDetection\Dataset\Train\frame195.jpg,0,0,0,0,0,0,0,0,0,0
108,C:\Users\Saurav Akolia\Desktop\u\hackerearth\EmotionDetection\Dataset\Train\frame196.jpg,0,0,0,0,0,0,0,0,0,0
109,C:\Users\Saurav Akolia\Desktop\u\hackerearth\EmotionDetection\Dataset\Train\frame197.jpg,0,0,0,0,0,0,0,0,0,0
110,C:\Users\Saurav Akolia\Desktop\u\hackerearth\EmotionDetection\Dataset\Train\frame198.jpg,0,0,0,0,0,0,0,0,0,0
111,C:\Users\Saurav Akolia\Desktop\u\hackerearth\EmotionDetection\Dataset\Train\frame199.jpg,0,0,0,0,0,0,0,0,0,0
112,C:\Users\Saurav Akolia\Desktop\u\hackerearth\EmotionDetection\Dataset\Train\frame2.jpg,1,0,620,18,351,286,0,0,0,0
113,C:\Users\Saurav Akolia\Desktop\u\hackerearth\EmotionDetection\Dataset\Train\frame20.jpg,1,0,584,149,252,217,0,0,0,0
114,C:\Users\Saurav Akolia\Desktop\u\hackerearth\EmotionDetection\Dataset\Train\frame200.jpg,1,0,450,133,109,138,0,0,0,0
115,C:\Users\Saurav Akolia\Desktop\u\hackerearth\EmotionDetection\Dataset\Train\frame201.jpg,1,0,448,105,241,161,0,0,0,0
116,C:\Users\Saurav Akolia\Desktop\u\hackerearth\EmotionDetection\Dataset\Train\frame202.jpg,1,0,452,107,235,156,0,0,0,0
117,C:\Users\Saurav Akolia\Desktop\u\hackerearth\EmotionDetection\Dataset\Train\frame203.jpg,1,0,455,106,233,160,0,0,0,0
118,C:\Users\Saurav Akolia\Desktop\u\hackerearth\EmotionDetection\Dataset\Train\frame204.jpg,1,0,451,99,234,164,0,0,0,0
119,C:\Users\Saurav Akolia\Desktop\u\hackerearth\EmotionDetection\Dataset\Train\frame205.jpg,1,0,463,125,184,145,0,0,0,0
120,C:\Users\Saurav Akolia\Desktop\u\hackerearth\EmotionDetection\Dataset\Train\frame206.jpg,1,0,500,107,89,86,0,0,0,0
121,C:\Users\Saurav Akolia\Desktop\u\hackerearth\EmotionDetection\Dataset\Train\frame207.jpg,1,0,498,110,93,86,0,0,0,0
122,C:\Users\Saurav Akolia\Desktop\u\hackerearth\EmotionDetection\Dataset\Train\frame208.jpg,0,1,0,0,0,0,272,303,213,106
123,C:\Users\Saurav Akolia\Desktop\u\hackerearth\EmotionDetection\Dataset\Train\frame209.jpg,0,1,0,0,0,0,279,302,195,109
124,C:\Users\Saurav Akolia\Desktop\u\hackerearth\EmotionDetection\Dataset\Train\frame21.jpg,0,0,0,0,0,0,0,0,0,0
125,C:\Users\Saurav Akolia\Desktop\u\hackerearth\EmotionDetection\Dataset\Train\frame210.jpg,0,1,0,0,0,0,293,292,186,114
126,C:\Users\Saurav Akolia\Desktop\u\hackerearth\EmotionDetection\Dataset\Train\frame211.jpg,0,1,0,0,0,0,301,298,173,112
127,C:\Users\Saurav Akolia\Desktop\u\hackerearth\EmotionDetection\Dataset\Train\frame212.jpg,0,1,0,0,0,0,248,292,224,112
128,C:\Users\Saurav Akolia\Desktop\u\hackerearth\EmotionDetection\Dataset\Train\frame213.jpg,0,0,0,0,0,0,0,0,0,0
129,C:\Users\Saurav Akolia\Desktop\u\hackerearth\EmotionDetection\Dataset\Train\frame214.jpg,0,0,0,0,0,0,0,0,0,0
130,C:\Users\Saurav Akolia\Desktop\u\hackerearth\EmotionDetection\Dataset\Train\frame215.jpg,0,0,0,0,0,0,0,0,0,0
131,C:\Users\Saurav Akolia\Desktop\u\hackerearth\EmotionDetection\Dataset\Train\frame216.jpg,0,0,0,0,0,0,0,0,0,0
132,C:\Users\Saurav Akolia\Desktop\u\hackerearth\EmotionDetection\Dataset\Train\frame217.jpg,0,0,0,0,0,0,0,0,0,0
133,C:\Users\Saurav Akolia\Desktop\u\hackerearth\EmotionDetection\Dataset\Train\frame218.jpg,0,0,0,0,0,0,0,0,0,0
134,C:\Users\Saurav Akolia\Desktop\u\hackerearth\EmotionDetection\Dataset\Train\frame219.jpg,0,0,0,0,0,0,0,0,0,0
135,C:\Users\Saurav Akolia\Desktop\u\hackerearth\EmotionDetection\Dataset\Train\frame22.jpg,0,0,0,0,0,0,0,0,0,0
136,C:\Users\Saurav Akolia\Desktop\u\hackerearth\EmotionDetection\Dataset\Train\frame220.jpg,0,0,0,0,0,0,0,0,0,0
137,C:\Users\Saurav Akolia\Desktop\u\hackerearth\EmotionDetection\Dataset\Train\frame221.jpg,0,0,0,0,0,0,0,0,0,0
138,C:\Users\Saurav Akolia\Desktop\u\hackerearth\EmotionDetection\Dataset\Train\frame222.jpg,0,0,0,0,0,0,0,0,0,0
139,C:\Users\Saurav Akolia\Desktop\u\hackerearth\EmotionDetection\Dataset\Train\frame223.jpg,0,0,0,0,0,0,0,0,0,0
140,C:\Users\Saurav Akolia\Desktop\u\hackerearth\EmotionDetection\Dataset\Train\frame224.jpg,0,0,0,0,0,0,0,0,0,0
141,C:\Users\Saurav Akolia\Desktop\u\hackerearth\EmotionDetection\Dataset\Train\frame225.jpg,0,0,0,0,0,0,0,0,0,0
142,C:\Users\Saurav Akolia\Desktop\u\hackerearth\EmotionDetection\Dataset\Train\frame226.jpg,0,0,0,0,0,0,0,0,0,0
143,C:\Users\Saurav Akolia\Desktop\u\hackerearth\EmotionDetection\Dataset\Train\frame227.jpg,1,0,441,264,211,126,0,0,0,0
144,C:\Users\Saurav Akolia\Desktop\u\hackerearth\EmotionDetection\Dataset\Train\frame228.jpg,1,0,438,263,216,127,0,0,0,0
145,C:\Users\Saurav Akolia\Desktop\u\hackerearth\EmotionDetection\Dataset\Train\frame229.jpg,0,0,0,0,0,0,0,0,0,0
146,C:\Users\Saurav Akolia\Desktop\u\hackerearth\EmotionDetection\Dataset\Train\frame23.jpg,1,0,324,101,321,229,0,0,0,0
147,C:\Users\Saurav Akolia\Desktop\u\hackerearth\EmotionDetection\Dataset\Train\frame230.jpg,0,0,0,0,0,0,0,0,0,0
148,C:\Users\Saurav Akolia\Desktop\u\hackerearth\EmotionDetection\Dataset\Train\frame231.jpg,1,0,403,235,253,176,0,0,0,0
149,C:\Users\Saurav Akolia\Desktop\u\hackerearth\EmotionDetection\Dataset\Train\frame232.jpg,1,0,405,228,244,182,0,0,0,0
150,C:\Users\Saurav Akolia\Desktop\u\hackerearth\EmotionDetection\Dataset\Train\frame233.jpg,1,1,439,239,200,175,918,229,51,53
151,C:\Users\Saurav Akolia\Desktop\u\hackerearth\EmotionDetection\Dataset\Train\frame234.jpg,1,1,471,239,171,164,912,203,62,63
152,C:\Users\Saurav Akolia\Desktop\u\hackerearth\EmotionDetection\Dataset\Train\frame235.jpg,1,0,521,215,194,91,0,0,0,0
153,C:\Users\Saurav Akolia\Desktop\u\hackerearth\EmotionDetection\Dataset\Train\frame236.jpg,1,0,240,160,204,134,0,0,0,0
154,C:\Users\Saurav Akolia\Desktop\u\hackerearth\EmotionDetection\Dataset\Train\frame237.jpg,1,0,461,255,172,171,0,0,0,0
155,C:\Users\Saurav Akolia\Desktop\u\hackerearth\EmotionDetection\Dataset\Train\frame238.jpg,1,0,459,249,185,159,0,0,0,0
156,C:\Users\Saurav Akolia\Desktop\u\hackerearth\EmotionDetection\Dataset\Train\frame239.jpg,1,0,601,296,186,93,0,0,0,0
157,C:\Users\Saurav Akolia\Desktop\u\hackerearth\EmotionDetection\Dataset\Train\frame24.jpg,1,0,146,204,264,112,0,0,0,0
158,C:\Users\Saurav Akolia\Desktop\u\hackerearth\EmotionDetection\Dataset\Train\frame240.jpg,1,0,466,247,173,159,0,0,0,0
159,C:\Users\Saurav Akolia\Desktop\u\hackerearth\EmotionDetection\Dataset\Train\frame241.jpg,1,1,463,259,173,166,963,135,50,39
160,C:\Users\Saurav Akolia\Desktop\u\hackerearth\EmotionDetection\Dataset\Train\frame242.jpg,1,0,833,167,169,157,0,0,0,0
161,C:\Users\Saurav Akolia\Desktop\u\hackerearth\EmotionDetection\Dataset\Train\frame243.jpg,1,0,706,193,220,175,0,0,0,0
162,C:\Users\Saurav Akolia\Desktop\u\hackerearth\EmotionDetection\Dataset\Train\frame244.jpg,0,1,0,0,0,0,632,326,177,119
163,C:\Users\Saurav Akolia\Desktop\u\hackerearth\EmotionDetection\Dataset\Train\frame245.jpg,0,1,0,0,0,0,630,326,181,119
164,C:\Users\Saurav Akolia\Desktop\u\hackerearth\EmotionDetection\Dataset\Train\frame246.jpg,0,1,0,0,0,0,587,325,185,133
165,C:\Users\Saurav Akolia\Desktop\u\hackerearth\EmotionDetection\Dataset\Train\frame247.jpg,0,0,0,0,0,0,0,0,0,0
166,C:\Users\Saurav Akolia\Desktop\u\hackerearth\EmotionDetection\Dataset\Train\frame248.jpg,0,0,0,0,0,0,0,0,0,0
167,C:\Users\Saurav Akolia\Desktop\u\hackerearth\EmotionDetection\Dataset\Train\frame249.jpg,0,0,0,0,0,0,0,0,0,0
168,C:\Users\Saurav Akolia\Desktop\u\hackerearth\EmotionDetection\Dataset\Train\frame25.jpg,1,0,277,223,287,213,0,0,0,0
169,C:\Users\Saurav Akolia\Desktop\u\hackerearth\EmotionDetection\Dataset\Train\frame250.jpg,0,0,0,0,0,0,0,0,0,0
170,C:\Users\Saurav Akolia\Desktop\u\hackerearth\EmotionDetection\Dataset\Train\frame251.jpg,0,1,0,0,0,0,575,232,158,132
171,C:\Users\Saurav Akolia\Desktop\u\hackerearth\EmotionDetection\Dataset\Train\frame252.jpg,0,1,0,0,0,0,530,335,178,114
172,C:\Users\Saurav Akolia\Desktop\u\hackerearth\EmotionDetection\Dataset\Train\frame253.jpg,0,1,0,0,0,0,528,335,173,111
173,C:\Users\Saurav Akolia\Desktop\u\hackerearth\EmotionDetection\Dataset\Train\frame254.jpg,0,1,0,0,0,0,529,326,140,94
174,C:\Users\Saurav Akolia\Desktop\u\hackerearth\EmotionDetection\Dataset\Train\frame255.jpg,1,0,863,215,179,140,0,0,0,0
175,C:\Users\Saurav Akolia\Desktop\u\hackerearth\EmotionDetection\Dataset\Train\frame256.jpg,1,0,902,217,156,104,0,0,0,0
176,C:\Users\Saurav Akolia\Desktop\u\hackerearth\EmotionDetection\Dataset\Train\frame257.jpg,0,0,0,0,0,0,0,0,0,0
177,C:\Users\Saurav Akolia\Desktop\u\hackerearth\EmotionDetection\Dataset\Train\frame258.jpg,1,0,16,194,122,133,0,0,0,0
178,C:\Users\Saurav Akolia\Desktop\u\hackerearth\EmotionDetection\Dataset\Train\frame259.jpg,1,0,1086,220,150,140,0,0,0,0
179,C:\Users\Saurav Akolia\Desktop\u\hackerearth\EmotionDetection\Dataset\Train\frame26.jpg,1,0,459,82,296,197,0,0,0,0
180,C:\Users\Saurav Akolia\Desktop\u\hackerearth\EmotionDetection\Dataset\Train\frame260.jpg,0,0,0,0,0,0,0,0,0,0
181,C:\Users\Saurav Akolia\Desktop\u\hackerearth\EmotionDetection\Dataset\Train\frame261.jpg,1,0,658,224,188,150,0,0,0,0
182,C:\Users\Saurav Akolia\Desktop\u\hackerearth\EmotionDetection\Dataset\Train\frame262.jpg,0,0,0,0,0,0,0,0,0,0
183,C:\Users\Saurav Akolia\Desktop\u\hackerearth\EmotionDetection\Dataset\Train\frame263.jpg,0,0,0,0,0,0,0,0,0,0
184,C:\Users\Saurav Akolia\Desktop\u\hackerearth\EmotionDetection\Dataset\Train\frame264.jpg,0,0,0,0,0,0,0,0,0,0
185,C:\Users\Saurav Akolia\Desktop\u\hackerearth\EmotionDetection\Dataset\Train\frame265.jpg,0,0,0,0,0,0,0,0,0,0
186,C:\Users\Saurav Akolia\Desktop\u\hackerearth\EmotionDetection\Dataset\Train\frame266.jpg,1,0,295,185,168,125,0,0,0,0
187,C:\Users\Saurav Akolia\Desktop\u\hackerearth\EmotionDetection\Dataset\Train\frame267.jpg,0,0,0,0,0,0,0,0,0,0
188,C:\Users\Saurav Akolia\Desktop\u\hackerearth\EmotionDetection\Dataset\Train\frame268.jpg,0,0,0,0,0,0,0,0,0,0
189,C:\Users\Saurav Akolia\Desktop\u\hackerearth\EmotionDetection\Dataset\Train\frame269.jpg,0,0,0,0,0,0,0,0,0,0
190,C:\Users\Saurav Akolia\Desktop\u\hackerearth\EmotionDetection\Dataset\Train\frame27.jpg,1,0,466,121,283,159,0,0,0,0
191,C:\Users\Saurav Akolia\Desktop\u\hackerearth\EmotionDetection\Dataset\Train\frame270.jpg,0,1,0,0,0,0,770,310,169,109
192,C:\Users\Saurav Akolia\Desktop\u\hackerearth\EmotionDetection\Dataset\Train\frame271.jpg,0,1,0,0,0,0,940,379,211,104
193,C:\Users\Saurav Akolia\Desktop\u\hackerearth\EmotionDetection\Dataset\Train\frame272.jpg,0,0,0,0,0,0,0,0,0,0
194,C:\Users\Saurav Akolia\Desktop\u\hackerearth\EmotionDetection\Dataset\Train\frame273.jpg,0,0,0,0,0,0,0,0,0,0
195,C:\Users\Saurav Akolia\Desktop\u\hackerearth\EmotionDetection\Dataset\Train\frame274.jpg,1,0,594,173,133,125,0,0,0,0
196,C:\Users\Saurav Akolia\Desktop\u\hackerearth\EmotionDetection\Dataset\Train\frame275.jpg,0,0,0,0,0,0,0,0,0,0
197,C:\Users\Saurav Akolia\Desktop\u\hackerearth\EmotionDetection\Dataset\Train\frame276.jpg,0,0,0,0,0,0,0,0,0,0
198,C:\Users\Saurav Akolia\Desktop\u\hackerearth\EmotionDetection\Dataset\Train\frame277.jpg,1,0,648,207,160,133,0,0,0,0
199,C:\Users\Saurav Akolia\Desktop\u\hackerearth\EmotionDetection\Dataset\Train\frame278.jpg,1,0,413,215,128,106,0,0,0,0
200,C:\Users\Saurav Akolia\Desktop\u\hackerearth\EmotionDetection\Dataset\Train\frame279.jpg,0,0,0,0,0,0,0,0,0,0
201,C:\Users\Saurav Akolia\Desktop\u\hackerearth\EmotionDetection\Dataset\Train\frame28.jpg,1,0,702,73,265,207,0,0,0,0
202,C:\Users\Saurav Akolia\Desktop\u\hackerearth\EmotionDetection\Dataset\Train\frame280.jpg,0,0,0,0,0,0,0,0,0,0
203,C:\Users\Saurav Akolia\Desktop\u\hackerearth\EmotionDetection\Dataset\Train\frame281.jpg,0,0,0,0,0,0,0,0,0,0
204,C:\Users\Saurav Akolia\Desktop\u\hackerearth\EmotionDetection\Dataset\Train\frame282.jpg,0,0,0,0,0,0,0,0,0,0
205,C:\Users\Saurav Akolia\Desktop\u\hackerearth\EmotionDetection\Dataset\Train\frame283.jpg,0,0,0,0,0,0,0,0,0,0
206,C:\Users\Saurav Akolia\Desktop\u\hackerearth\EmotionDetection\Dataset\Train\frame284.jpg,0,0,0,0,0,0,0,0,0,0
207,C:\Users\Saurav Akolia\Desktop\u\hackerearth\EmotionDetection\Dataset\Train\frame285.jpg,0,0,0,0,0,0,0,0,0,0
208,C:\Users\Saurav Akolia\Desktop\u\hackerearth\EmotionDetection\Dataset\Train\frame286.jpg,0,0,0,0,0,0,0,0,0,0
209,C:\Users\Saurav Akolia\Desktop\u\hackerearth\EmotionDetection\Dataset\Train\frame287.jpg,0,0,0,0,0,0,0,0,0,0
210,C:\Users\Saurav Akolia\Desktop\u\hackerearth\EmotionDetection\Dataset\Train\frame288.jpg,0,0,0,0,0,0,0,0,0,0
211,C:\Users\Saurav Akolia\Desktop\u\hackerearth\EmotionDetection\Dataset\Train\frame289.jpg,0,0,0,0,0,0,0,0,0,0
212,C:\Users\Saurav Akolia\Desktop\u\hackerearth\EmotionDetection\Dataset\Train\frame29.jpg,1,0,316,75,287,131,0,0,0,0
213,C:\Users\Saurav Akolia\Desktop\u\hackerearth\EmotionDetection\Dataset\Train\frame290.jpg,0,0,0,0,0,0,0,0,0,0
214,C:\Users\Saurav Akolia\Desktop\u\hackerearth\EmotionDetection\Dataset\Train\frame291.jpg,0,0,0,0,0,0,0,0,0,0
215,C:\Users\Saurav Akolia\Desktop\u\hackerearth\EmotionDetection\Dataset\Train\frame292.jpg,0,0,0,0,0,0,0,0,0,0
216,C:\Users\Saurav Akolia\Desktop\u\hackerearth\EmotionDetection\Dataset\Train\frame293.jpg,0,0,0,0,0,0,0,0,0,0
217,C:\Users\Saurav Akolia\Desktop\u\hackerearth\EmotionDetection\Dataset\Train\frame294.jpg,0,0,0,0,0,0,0,0,0,0
218,C:\Users\Saurav Akolia\Desktop\u\hackerearth\EmotionDetection\Dataset\Train\frame295.jpg,0,0,0,0,0,0,0,0,0,0
219,C:\Users\Saurav Akolia\Desktop\u\hackerearth\EmotionDetection\Dataset\Train\frame296.jpg,0,0,0,0,0,0,0,0,0,0
220,C:\Users\Saurav Akolia\Desktop\u\hackerearth\EmotionDetection\Dataset\Train\frame297.jpg,0,0,0,0,0,0,0,0,0,0
221,C:\Users\Saurav Akolia\Desktop\u\hackerearth\EmotionDetection\Dataset\Train\frame3.jpg,1,0,678,280,297,178,0,0,0,0
222,C:\Users\Saurav Akolia\Desktop\u\hackerearth\EmotionDetection\Dataset\Train\frame30.jpg,1,0,561,30,271,174,0,0,0,0
223,C:\Users\Saurav Akolia\Desktop\u\hackerearth\EmotionDetection\Dataset\Train\frame31.jpg,1,0,554,34,280,176,0,0,0,0
224,C:\Users\Saurav Akolia\Desktop\u\hackerearth\EmotionDetection\Dataset\Train\frame32.jpg,0,0,0,0,0,0,0,0,0,0
225,C:\Users\Saurav Akolia\Desktop\u\hackerearth\EmotionDetection\Dataset\Train\frame33.jpg,0,0,0,0,0,0,0,0,0,0
226,C:\Users\Saurav Akolia\Desktop\u\hackerearth\EmotionDetection\Dataset\Train\frame34.jpg,1,0,764,119,204,186,0,0,0,0
227,C:\Users\Saurav Akolia\Desktop\u\hackerearth\EmotionDetection\Dataset\Train\frame35.jpg,1,0,484,85,283,207,0,0,0,0
228,C:\Users\Saurav Akolia\Desktop\u\hackerearth\EmotionDetection\Dataset\Train\frame36.jpg,1,0,390,97,291,195,0,0,0,0
229,C:\Users\Saurav Akolia\Desktop\u\hackerearth\EmotionDetection\Dataset\Train\frame37.jpg,1,0,455,87,324,199,0,0,0,0
230,C:\Users\Saurav Akolia\Desktop\u\hackerearth\EmotionDetection\Dataset\Train\frame38.jpg,0,0,0,0,0,0,0,0,0,0
231,C:\Users\Saurav Akolia\Desktop\u\hackerearth\EmotionDetection\Dataset\Train\frame39.jpg,0,0,0,0,0,0,0,0,0,0
232,C:\Users\Saurav Akolia\Desktop\u\hackerearth\EmotionDetection\Dataset\Train\frame4.jpg,1,0,480,67,331,209,0,0,0,0
233,C:\Users\Saurav Akolia\Desktop\u\hackerearth\EmotionDetection\Dataset\Train\frame40.jpg,0,0,0,0,0,0,0,0,0,0
234,C:\Users\Saurav Akolia\Desktop\u\hackerearth\EmotionDetection\Dataset\Train\frame41.jpg,1,0,493,273,279,127,0,0,0,0
235,C:\Users\Saurav Akolia\Desktop\u\hackerearth\EmotionDetection\Dataset\Train\frame42.jpg,1,0,780,118,235,157,0,0,0,0
236,C:\Users\Saurav Akolia\Desktop\u\hackerearth\EmotionDetection\Dataset\Train\frame43.jpg,1,0,912,129,206,145,0,0,0,0
237,C:\Users\Saurav Akolia\Desktop\u\hackerearth\EmotionDetection\Dataset\Train\frame44.jpg,1,0,867,143,206,141,0,0,0,0
238,C:\Users\Saurav Akolia\Desktop\u\hackerearth\EmotionDetection\Dataset\Train\frame45.jpg,1,0,666,203,210,153,0,0,0,0
239,C:\Users\Saurav Akolia\Desktop\u\hackerearth\EmotionDetection\Dataset\Train\frame46.jpg,1,0,886,221,249,199,0,0,0,0
240,C:\Users\Saurav Akolia\Desktop\u\hackerearth\EmotionDetection\Dataset\Train\frame47.jpg,1,0,229,540,203,111,0,0,0,0
241,C:\Users\Saurav Akolia\Desktop\u\hackerearth\EmotionDetection\Dataset\Train\frame48.jpg,1,0,249,509,182,138,0,0,0,0
242,C:\Users\Saurav Akolia\Desktop\u\hackerearth\EmotionDetection\Dataset\Train\frame49.jpg,1,0,250,513,181,129,0,0,0,0
243,C:\Users\Saurav Akolia\Desktop\u\hackerearth\EmotionDetection\Dataset\Train\frame5.jpg,1,0,398,148,264,232,0,0,0,0
244,C:\Users\Saurav Akolia\Desktop\u\hackerearth\EmotionDetection\Dataset\Train\frame50.jpg,1,0,70,642,223,70,0,0,0,0
245,C:\Users\Saurav Akolia\Desktop\u\hackerearth\EmotionDetection\Dataset\Train\frame51.jpg,1,0,68,361,296,175,0,0,0,0
246,C:\Users\Saurav Akolia\Desktop\u\hackerearth\EmotionDetection\Dataset\Train\frame52.jpg,1,0,14,291,251,222,0,0,0,0
247,C:\Users\Saurav Akolia\Desktop\u\hackerearth\EmotionDetection\Dataset\Train\frame53.jpg,0,1,0,0,0,0,664,227,190,107
248,C:\Users\Saurav Akolia\Desktop\u\hackerearth\EmotionDetection\Dataset\Train\frame54.jpg,0,0,0,0,0,0,0,0,0,0
249,C:\Users\Saurav Akolia\Desktop\u\hackerearth\EmotionDetection\Dataset\Train\frame55.jpg,0,0,0,0,0,0,0,0,0,0
250,C:\Users\Saurav Akolia\Desktop\u\hackerearth\EmotionDetection\Dataset\Train\frame56.jpg,0,1,0,0,0,0,700,364,206,162
251,C:\Users\Saurav Akolia\Desktop\u\hackerearth\EmotionDetection\Dataset\Train\frame57.jpg,1,0,764,212,238,144,0,0,0,0
252,C:\Users\Saurav Akolia\Desktop\u\hackerearth\EmotionDetection\Dataset\Train\frame58.jpg,1,0,769,208,227,143,0,0,0,0
253,C:\Users\Saurav Akolia\Desktop\u\hackerearth\EmotionDetection\Dataset\Train\frame59.jpg,1,0,678,215,213,133,0,0,0,0
254,C:\Users\Saurav Akolia\Desktop\u\hackerearth\EmotionDetection\Dataset\Train\frame6.jpg,1,0,570,320,170,141,0,0,0,0
255,C:\Users\Saurav Akolia\Desktop\u\hackerearth\EmotionDetection\Dataset\Train\frame60.jpg,1,0,699,249,187,150,0,0,0,0
256,C:\Users\Saurav Akolia\Desktop\u\hackerearth\EmotionDetection\Dataset\Train\frame61.jpg,1,0,734,140,191,133,0,0,0,0
257,C:\Users\Saurav Akolia\Desktop\u\hackerearth\EmotionDetection\Dataset\Train\frame62.jpg,1,1,483,168,91,72,912,360,202,204
258,C:\Users\Saurav Akolia\Desktop\u\hackerearth\EmotionDetection\Dataset\Train\frame63.jpg,0,1,0,0,0,0,394,206,150,100
259,C:\Users\Saurav Akolia\Desktop\u\hackerearth\EmotionDetection\Dataset\Train\frame64.jpg,0,1,0,0,0,0,394,207,149,100
260,C:\Users\Saurav Akolia\Desktop\u\hackerearth\EmotionDetection\Dataset\Train\frame65.jpg,1,0,503,52,118,100,0,0,0,0
261,C:\Users\Saurav Akolia\Desktop\u\hackerearth\EmotionDetection\Dataset\Train\frame66.jpg,1,0,471,6,162,101,0,0,0,0
262,C:\Users\Saurav Akolia\Desktop\u\hackerearth\EmotionDetection\Dataset\Train\frame67.jpg,0,1,0,0,0,0,946,226,185,236
263,C:\Users\Saurav Akolia\Desktop\u\hackerearth\EmotionDetection\Dataset\Train\frame68.jpg,0,1,0,0,0,0,1025,269,248,250
264,C:\Users\Saurav Akolia\Desktop\u\hackerearth\EmotionDetection\Dataset\Train\frame69.jpg,1,0,574,60,139,138,0,0,0,0
265,C:\Users\Saurav Akolia\Desktop\u\hackerearth\EmotionDetection\Dataset\Train\frame7.jpg,1,0,707,453,219,156,0,0,0,0
266,C:\Users\Saurav Akolia\Desktop\u\hackerearth\EmotionDetection\Dataset\Train\frame70.jpg,1,0,508,43,159,123,0,0,0,0
267,C:\Users\Saurav Akolia\Desktop\u\hackerearth\EmotionDetection\Dataset\Train\frame71.jpg,1,0,880,182,269,257,0,0,0,0
268,C:\Users\Saurav Akolia\Desktop\u\hackerearth\EmotionDetection\Dataset\Train\frame72.jpg,1,0,716,208,226,211,0,0,0,0
269,C:\Users\Saurav Akolia\Desktop\u\hackerearth\EmotionDetection\Dataset\Train\frame73.jpg,0,0,0,0,0,0,0,0,0,0
270,C:\Users\Saurav Akolia\Desktop\u\hackerearth\EmotionDetection\Dataset\Train\frame74.jpg,0,0,0,0,0,0,0,0,0,0
271,C:\Users\Saurav Akolia\Desktop\u\hackerearth\EmotionDetection\Dataset\Train\frame75.jpg,0,0,0,0,0,0,0,0,0,0
272,C:\Users\Saurav Akolia\Desktop\u\hackerearth\EmotionDetection\Dataset\Train\frame76.jpg,0,0,0,0,0,0,0,0,0,0
273,C:\Users\Saurav Akolia\Desktop\u\hackerearth\EmotionDetection\Dataset\Train\frame77.jpg,0,0,0,0,0,0,0,0,0,0
274,C:\Users\Saurav Akolia\Desktop\u\hackerearth\EmotionDetection\Dataset\Train\frame79.jpg,0,0,0,0,0,0,0,0,0,0
275,C:\Users\Saurav Akolia\Desktop\u\hackerearth\EmotionDetection\Dataset\Train\frame8.jpg,1,0,382,451,310,178,0,0,0,0
276,C:\Users\Saurav Akolia\Desktop\u\hackerearth\EmotionDetection\Dataset\Train\frame80.jpg,1,0,666,222,376,412,0,0,0,0
277,C:\Users\Saurav Akolia\Desktop\u\hackerearth\EmotionDetection\Dataset\Train\frame81.jpg,1,0,583,419,220,186,0,0,0,0
278,C:\Users\Saurav Akolia\Desktop\u\hackerearth\EmotionDetection\Dataset\Train\frame82.jpg,0,0,0,0,0,0,0,0,0,0
279,C:\Users\Saurav Akolia\Desktop\u\hackerearth\EmotionDetection\Dataset\Train\frame83.jpg,1,0,615,205,287,232,0,0,0,0
280,C:\Users\Saurav Akolia\Desktop\u\hackerearth\EmotionDetection\Dataset\Train\frame84.jpg,1,0,569,449,220,216,0,0,0,0
281,C:\Users\Saurav Akolia\Desktop\u\hackerearth\EmotionDetection\Dataset\Train\frame85.jpg,0,1,0,0,0,0,633,256,243,174
282,C:\Users\Saurav Akolia\Desktop\u\hackerearth\EmotionDetection\Dataset\Train\frame86.jpg,0,0,0,0,0,0,0,0,0,0
283,C:\Users\Saurav Akolia\Desktop\u\hackerearth\EmotionDetection\Dataset\Train\frame87.jpg,0,1,0,0,0,0,816,233,178,157
284,C:\Users\Saurav Akolia\Desktop\u\hackerearth\EmotionDetection\Dataset\Train\frame88.jpg,1,1,303,240,227,256,1029,406,130,123
285,C:\Users\Saurav Akolia\Desktop\u\hackerearth\EmotionDetection\Dataset\Train\frame89.jpg,1,1,376,51,216,216,808,385,135,99
286,C:\Users\Saurav Akolia\Desktop\u\hackerearth\EmotionDetection\Dataset\Train\frame9.jpg,1,0,435,449,289,182,0,0,0,0
287,C:\Users\Saurav Akolia\Desktop\u\hackerearth\EmotionDetection\Dataset\Train\frame90.jpg,1,1,373,244,216,223,791,457,110,91
288,C:\Users\Saurav Akolia\Desktop\u\hackerearth\EmotionDetection\Dataset\Train\frame91.jpg,1,1,331,309,281,293,919,433,216,195
289,C:\Users\Saurav Akolia\Desktop\u\hackerearth\EmotionDetection\Dataset\Train\frame92.jpg,0,0,0,0,0,0,0,0,0,0
290,C:\Users\Saurav Akolia\Desktop\u\hackerearth\EmotionDetection\Dataset\Train\frame93.jpg,1,1,96,398,153,163,353,503,90,72
291,C:\Users\Saurav Akolia\Desktop\u\hackerearth\EmotionDetection\Dataset\Train\frame94.jpg,1,0,92,120,162,158,0,0,0,0
292,C:\Users\Saurav Akolia\Desktop\u\hackerearth\EmotionDetection\Dataset\Train\frame95.jpg,0,0,0,0,0,0,0,0,0,0
293,C:\Users\Saurav Akolia\Desktop\u\hackerearth\EmotionDetection\Dataset\Train\frame96.jpg,0,1,0,0,0,0,8,60,201,291
294,C:\Users\Saurav Akolia\Desktop\u\hackerearth\EmotionDetection\Dataset\Train\frame97.jpg,0,0,0,0,0,0,0,0,0,0
295,C:\Users\Saurav Akolia\Desktop\u\hackerearth\EmotionDetection\Dataset\Train\frame98.jpg,0,0,0,0,0,0,0,0,0,0
296,C:\Users\Saurav Akolia\Desktop\u\hackerearth\EmotionDetection\Dataset\Train\frame99.jpg:,1,0,412,204,212,162,0,0,0,0
